TIC_ID,Period_days,Duration_hours,Depth,SNR,Odd_Even_Sigma,blend_probability,neighbor_count,bls_peak_power,transit_symmetry_score,v_shape_score,u_shape_score,ingress_duration,egress_duration,num_observed_transits,Label
TIC_100100827,0.9413088417769905,2.4000000000000004,0.007611893462790844,604.1905315708366,6.655750670941058,0.0005448787072507288,7,187985.5782153792,0.8818456435860978,0.7088419960193898,0.2911580039806102,1.7169453399288128,1.573115638665913,29,Eclipsing Binary
TIC_150361911,1.2470724185263216,2.4000000000000004,0.15426835528610702,448.18146558178097,0.603553695206566,0.46598660023513666,19,1443646.8526857526,0.9522965303246846,0.8012341750899338,0.19876582491006622,1.4595636421554405,1.5107110819818548,19,Blend
TIC_283722336,3.090379804101155,1.2000000000000002,0.0001296974122118278,13.190025058237255,1.753518180545552,0.601324087439515,60,447.851756594206,0.812072215877665,1.0,0.0,0.8941688716237938,1.4058365755648023,8,Blend
TIC_38699825,1.042320984226059,4.800000000000001,0.2130425565159134,597.9572062020443,20.238789530167335,0.1506544062128435,4,569238073.2547613,0.9969724903514949,0.7690845453624311,0.2309154546375689,2.651298140453188,2.566707055833831,26,Eclipsing Binary
TIC_55525572,1.3355137370675743,1.2000000000000002,0.00017711964318052508,4.506947990076755,2.297998328243804,0.4116151691812075,10,10.226385507608141,0.7205351975154917,1.0,0.0,0.10966789715241848,2.2755356526699324,19,Other
