rank,period_days,relationship
1,3.092851487907915,Independent
2,157.38827595584158,Independent
3,122.12293930525664,Independent
4,136.84033710733453,Independent
5,31.282345426793558,Independent
6,198.70094027452407,Independent
7,6.886669280789805,Independent
8,56.17159174996858,Independent
9,32.94640318288015,Independent
10,10.044261271959398,Independent
